[
{"idx":"1","gname":"product_name1","category":"women\/dress","gprice":"330000"},
{"idx":"2","gname":"product_name2","category":"women\/dress","gprice":"330000"},
{"idx":"3","gname":"product_name3","category":"women\/dress","gprice":"330000"},
{"idx":"4","gname":"product_name4","category":"women\/dress","gprice":"330000"},
{"idx":"5","gname":"product_name5","category":"women\/dress","gprice":"330000"},
{"idx":"6","gname":"product_name6","category":"women\/dress","gprice":"330000"},
{"idx":"7","gname":"product_name7","category":"women\/dress","gprice":"330000"},
{"idx":"8","gname":"product_name8","category":"women\/dress","gprice":"330000"},
{"idx":"9","gname":"product_name9","category":"women\/dress","gprice":"330000"},
{"idx":"10","gname":"product_name10","category":"women\/dress","gprice":"330000"},
{"idx":"11","gname":"product_name11","category":"women\/dress","gprice":"330000"},
{"idx":"12","gname":"product_name12","category":"women\/dress","gprice":"330000"},
{"idx":"13","gname":"product_name13","category":"women\/dress","gprice":"330000"},
{"idx":"14","gname":"product_name14","category":"women\/dress","gprice":"330000"},
{"idx":"15","gname":"product_name15","category":"women\/dress","gprice":"330000"},
{"idx":"16","gname":"product_name16","category":"women\/dress","gprice":"330000"},
{"idx":"17","gname":"product_name17","category":"women\/dress","gprice":"330000"},
{"idx":"18","gname":"product_name18","category":"women\/dress","gprice":"330000"},
{"idx":"19","gname":"product_name19","category":"women\/dress","gprice":"330000"},
{"idx":"20","gname":"product_name20","category":"women\/dress","gprice":"330000"},
{"idx":"21","gname":"product_name21","category":"women\/dress","gprice":"330000"},
{"idx":"22","gname":"product_name22","category":"women\/dress","gprice":"330000"},
{"idx":"23","gname":"product_name23","category":"women\/dress","gprice":"330000"},
{"idx":"24","gname":"product_name24","category":"women\/dress","gprice":"330000"},
{"idx":"25","gname":"product_name25","category":"women\/dress","gprice":"330000"},
{"idx":"26","gname":"product_name26","category":"women\/dress","gprice":"330000"},
{"idx":"27","gname":"product_name27","category":"women\/dress","gprice":"330000"},
{"idx":"28","gname":"product_name28","category":"women\/dress","gprice":"330000"},
{"idx":"29","gname":"product_name29","category":"women\/dress","gprice":"330000"},
{"idx":"30","gname":"product_name30","category":"women\/dress","gprice":"330000"},
{"idx":"31","gname":"product_name31","category":"women\/dress","gprice":"330000"},
{"idx":"32","gname":"product_name32","category":"women\/dress","gprice":"330000"},
{"idx":"33","gname":"product_name33","category":"women\/dress","gprice":"330000"},
{"idx":"34","gname":"product_name34","category":"women\/dress","gprice":"330000"},
{"idx":"35","gname":"product_name35","category":"women\/dress","gprice":"330000"},
{"idx":"36","gname":"product_name36","category":"women\/dress","gprice":"330000"},
{"idx":"37","gname":"product_name37","category":"women\/dress","gprice":"330000"},
{"idx":"38","gname":"product_name38","category":"women\/dress","gprice":"330000"},
{"idx":"39","gname":"product_name39","category":"women\/dress","gprice":"330000"},
{"idx":"40","gname":"product_name40","category":"women\/dress","gprice":"330000"},
{"idx":"41","gname":"product_name41","category":"women\/dress","gprice":"330000"},
{"idx":"42","gname":"product_name42","category":"women\/dress","gprice":"330000"},
{"idx":"43","gname":"product_name43","category":"women\/dress","gprice":"330000"},
{"idx":"44","gname":"product_name44","category":"women\/dress","gprice":"330000"},
{"idx":"45","gname":"product_name45","category":"women\/dress","gprice":"330000"},
{"idx":"46","gname":"product_name46","category":"women\/dress","gprice":"330000"},
{"idx":"47","gname":"product_name47","category":"women\/dress","gprice":"330000"},
{"idx":"48","gname":"product_name48","category":"women\/dress","gprice":"330000"},
{"idx":"49","gname":"product_name49","category":"women\/dress","gprice":"330000"},
{"idx":"50","gname":"product_name50","category":"women\/dress","gprice":"330000"},
{"idx":"51","gname":"product_name51","category":"women\/dress","gprice":"330000"},
{"idx":"52","gname":"product_name52","category":"women\/dress","gprice":"330000"},
{"idx":"53","gname":"product_name53","category":"women\/dress","gprice":"330000"},
{"idx":"54","gname":"product_name54","category":"women\/dress","gprice":"330000"},
{"idx":"55","gname":"product_name55","category":"women\/dress","gprice":"330000"},
{"idx":"56","gname":"product_name56","category":"women\/dress","gprice":"330000"},
{"idx":"57","gname":"product_name57","category":"women\/dress","gprice":"330000"},
{"idx":"58","gname":"product_name58","category":"women\/dress","gprice":"330000"},
{"idx":"59","gname":"product_name59","category":"women\/dress","gprice":"330000"},
{"idx":"60","gname":"product_name60","category":"women\/dress","gprice":"330000"},
{"idx":"61","gname":"product_name61","category":"women\/dress","gprice":"330000"},
{"idx":"62","gname":"product_name62","category":"women\/dress","gprice":"330000"},
{"idx":"63","gname":"product_name63","category":"women\/dress","gprice":"330000"},
{"idx":"64","gname":"product_name64","category":"women\/dress","gprice":"330000"},
{"idx":"65","gname":"product_name65","category":"women\/dress","gprice":"330000"},
{"idx":"66","gname":"product_name66","category":"women\/dress","gprice":"330000"},
{"idx":"67","gname":"product_name67","category":"women\/dress","gprice":"330000"},
{"idx":"68","gname":"product_name68","category":"women\/dress","gprice":"330000"},
{"idx":"69","gname":"product_name69","category":"women\/dress","gprice":"330000"},
{"idx":"70","gname":"product_name70","category":"women\/dress","gprice":"330000"},
{"idx":"71","gname":"product_name71","category":"women\/dress","gprice":"330000"},
{"idx":"72","gname":"product_name72","category":"women\/dress","gprice":"330000"},
{"idx":"73","gname":"product_name73","category":"women\/dress","gprice":"330000"},
{"idx":"74","gname":"product_name74","category":"women\/dress","gprice":"330000"},
{"idx":"75","gname":"product_name75","category":"women\/dress","gprice":"330000"},
{"idx":"76","gname":"product_name76","category":"women\/dress","gprice":"330000"},
{"idx":"77","gname":"product_name77","category":"women\/dress","gprice":"330000"},
{"idx":"78","gname":"product_name78","category":"women\/dress","gprice":"330000"},
{"idx":"79","gname":"product_name79","category":"women\/dress","gprice":"330000"},
{"idx":"80","gname":"product_name80","category":"women\/dress","gprice":"330000"},
{"idx":"81","gname":"product_name81","category":"women\/dress","gprice":"330000"},
{"idx":"82","gname":"product_name82","category":"women\/dress","gprice":"330000"},
{"idx":"83","gname":"product_name83","category":"women\/dress","gprice":"330000"},
{"idx":"84","gname":"product_name84","category":"women\/dress","gprice":"330000"},
{"idx":"85","gname":"product_name85","category":"women\/dress","gprice":"330000"},
{"idx":"86","gname":"product_name86","category":"women\/dress","gprice":"330000"},
{"idx":"87","gname":"product_name87","category":"women\/dress","gprice":"330000"},
{"idx":"88","gname":"product_name88","category":"women\/dress","gprice":"330000"},
{"idx":"89","gname":"product_name89","category":"women\/dress","gprice":"330000"},
{"idx":"90","gname":"product_name90","category":"women\/dress","gprice":"330000"},
{"idx":"91","gname":"product_name91","category":"women\/dress","gprice":"330000"},
{"idx":"92","gname":"product_name92","category":"women\/dress","gprice":"330000"},
{"idx":"93","gname":"product_name93","category":"women\/dress","gprice":"330000"},
{"idx":"94","gname":"product_name94","category":"women\/dress","gprice":"330000"},
{"idx":"95","gname":"product_name95","category":"women\/dress","gprice":"330000"},
{"idx":"96","gname":"product_name96","category":"women\/dress","gprice":"330000"},
{"idx":"97","gname":"product_name97","category":"women\/dress","gprice":"330000"},
{"idx":"98","gname":"product_name98","category":"women\/dress","gprice":"330000"},
{"idx":"99","gname":"product_name99","category":"women\/dress","gprice":"330000"},
{"idx":"100","gname":"product_name100","category":"women\/dress","gprice":"330000"},
{"idx":"101","gname":"product_name101","category":"women\/dress","gprice":"330000"},
{"idx":"102","gname":"product_name102","category":"women\/dress","gprice":"330000"},
{"idx":"103","gname":"product_name103","category":"women\/dress","gprice":"330000"},
{"idx":"104","gname":"product_name104","category":"women\/dress","gprice":"330000"},
{"idx":"105","gname":"product_name105","category":"women\/dress","gprice":"330000"},
{"idx":"106","gname":"product_name106","category":"women\/dress","gprice":"330000"},
{"idx":"107","gname":"product_name107","category":"women\/dress","gprice":"330000"},
{"idx":"108","gname":"product_name108","category":"women\/dress","gprice":"330000"},
{"idx":"109","gname":"product_name109","category":"women\/dress","gprice":"330000"},
{"idx":"110","gname":"product_name110","category":"women\/dress","gprice":"330000"},
{"idx":"111","gname":"product_name111","category":"women\/dress","gprice":"330000"},
{"idx":"112","gname":"product_name112","category":"women\/dress","gprice":"330000"},
{"idx":"113","gname":"product_name113","category":"women\/dress","gprice":"330000"},
{"idx":"114","gname":"product_name114","category":"women\/dress","gprice":"330000"},
{"idx":"115","gname":"product_name115","category":"women\/dress","gprice":"330000"},
{"idx":"116","gname":"product_name116","category":"women\/dress","gprice":"330000"},
{"idx":"117","gname":"product_name117","category":"women\/dress","gprice":"330000"},
{"idx":"118","gname":"product_name118","category":"women\/dress","gprice":"330000"},
{"idx":"119","gname":"product_name119","category":"women\/dress","gprice":"330000"},
{"idx":"120","gname":"product_name120","category":"women\/dress","gprice":"330000"},
{"idx":"121","gname":"product_name121","category":"women\/dress","gprice":"330000"},
{"idx":"122","gname":"product_name122","category":"women\/dress","gprice":"330000"},
{"idx":"123","gname":"product_name123","category":"women\/dress","gprice":"330000"},
{"idx":"124","gname":"product_name124","category":"women\/dress","gprice":"330000"},
{"idx":"125","gname":"product_name125","category":"women\/dress","gprice":"330000"},
{"idx":"126","gname":"product_name126","category":"women\/dress","gprice":"330000"},
{"idx":"127","gname":"product_name127","category":"women\/dress","gprice":"330000"},
{"idx":"128","gname":"product_name128","category":"women\/dress","gprice":"330000"},
{"idx":"129","gname":"product_name129","category":"women\/dress","gprice":"330000"},
{"idx":"130","gname":"product_name130","category":"women\/dress","gprice":"330000"},
{"idx":"131","gname":"product_name131","category":"women\/dress","gprice":"330000"},
{"idx":"132","gname":"product_name132","category":"women\/dress","gprice":"330000"},
{"idx":"133","gname":"product_name133","category":"women\/dress","gprice":"330000"},
{"idx":"134","gname":"product_name134","category":"women\/dress","gprice":"330000"},
{"idx":"135","gname":"product_name135","category":"women\/dress","gprice":"330000"},
{"idx":"136","gname":"product_name136","category":"women\/dress","gprice":"330000"},
{"idx":"137","gname":"product_name137","category":"women\/dress","gprice":"330000"},
{"idx":"138","gname":"product_name138","category":"women\/dress","gprice":"330000"},
{"idx":"139","gname":"product_name139","category":"women\/dress","gprice":"330000"},
{"idx":"140","gname":"product_name140","category":"women\/dress","gprice":"330000"},
{"idx":"141","gname":"product_name141","category":"women\/dress","gprice":"330000"},
{"idx":"142","gname":"product_name142","category":"women\/dress","gprice":"330000"},
{"idx":"143","gname":"product_name143","category":"women\/dress","gprice":"330000"},
{"idx":"144","gname":"product_name144","category":"women\/dress","gprice":"330000"},
{"idx":"145","gname":"product_name145","category":"women\/dress","gprice":"330000"},
{"idx":"146","gname":"product_name146","category":"women\/dress","gprice":"330000"},
{"idx":"147","gname":"product_name147","category":"women\/dress","gprice":"330000"},
{"idx":"148","gname":"product_name148","category":"women\/dress","gprice":"330000"},
{"idx":"149","gname":"product_name149","category":"women\/dress","gprice":"330000"},
{"idx":"150","gname":"product_name150","category":"women\/dress","gprice":"330000"},
{"idx":"151","gname":"product_name151","category":"women\/dress","gprice":"330000"},
{"idx":"152","gname":"product_name152","category":"women\/dress","gprice":"330000"},
{"idx":"153","gname":"product_name153","category":"women\/dress","gprice":"330000"},
{"idx":"154","gname":"product_name154","category":"women\/dress","gprice":"330000"},
{"idx":"155","gname":"product_name155","category":"women\/dress","gprice":"330000"},
{"idx":"156","gname":"product_name156","category":"women\/dress","gprice":"330000"},
{"idx":"157","gname":"product_name157","category":"women\/dress","gprice":"330000"},
{"idx":"158","gname":"product_name158","category":"women\/dress","gprice":"330000"},
{"idx":"159","gname":"product_name159","category":"women\/dress","gprice":"330000"},
{"idx":"160","gname":"product_name160","category":"women\/dress","gprice":"330000"},
{"idx":"161","gname":"product_name161","category":"women\/dress","gprice":"330000"},
{"idx":"162","gname":"product_name162","category":"women\/dress","gprice":"330000"},
{"idx":"163","gname":"product_name163","category":"women\/dress","gprice":"330000"},
{"idx":"164","gname":"product_name164","category":"women\/dress","gprice":"330000"},
{"idx":"165","gname":"product_name165","category":"women\/dress","gprice":"330000"},
{"idx":"166","gname":"product_name166","category":"women\/dress","gprice":"330000"},
{"idx":"167","gname":"product_name167","category":"women\/dress","gprice":"330000"},
{"idx":"168","gname":"product_name168","category":"women\/dress","gprice":"330000"},
{"idx":"169","gname":"product_name169","category":"women\/dress","gprice":"330000"},
{"idx":"170","gname":"product_name170","category":"women\/dress","gprice":"330000"},
{"idx":"171","gname":"product_name171","category":"women\/dress","gprice":"330000"},
{"idx":"172","gname":"product_name172","category":"women\/dress","gprice":"330000"},
{"idx":"173","gname":"product_name173","category":"women\/dress","gprice":"330000"},
{"idx":"174","gname":"product_name174","category":"women\/dress","gprice":"330000"},
{"idx":"175","gname":"product_name175","category":"women\/dress","gprice":"330000"},
{"idx":"176","gname":"product_name176","category":"women\/dress","gprice":"330000"},
{"idx":"177","gname":"product_name177","category":"women\/dress","gprice":"330000"},
{"idx":"178","gname":"product_name178","category":"women\/dress","gprice":"330000"},
{"idx":"179","gname":"product_name179","category":"women\/dress","gprice":"330000"},
{"idx":"180","gname":"product_name180","category":"women\/dress","gprice":"330000"},
{"idx":"181","gname":"product_name181","category":"women\/dress","gprice":"330000"},
{"idx":"182","gname":"product_name182","category":"women\/dress","gprice":"330000"},
{"idx":"183","gname":"product_name183","category":"women\/dress","gprice":"330000"},
{"idx":"184","gname":"product_name184","category":"women\/dress","gprice":"330000"},
{"idx":"185","gname":"product_name185","category":"women\/dress","gprice":"330000"},
{"idx":"186","gname":"product_name186","category":"women\/dress","gprice":"330000"},
{"idx":"187","gname":"product_name187","category":"women\/dress","gprice":"330000"},
{"idx":"188","gname":"product_name188","category":"women\/dress","gprice":"330000"},
{"idx":"189","gname":"product_name189","category":"women\/dress","gprice":"330000"},
{"idx":"190","gname":"product_name190","category":"women\/dress","gprice":"330000"},
{"idx":"191","gname":"product_name191","category":"women\/dress","gprice":"330000"},
{"idx":"192","gname":"product_name192","category":"women\/dress","gprice":"330000"},
{"idx":"193","gname":"product_name193","category":"women\/dress","gprice":"330000"},
{"idx":"194","gname":"product_name194","category":"women\/dress","gprice":"330000"},
{"idx":"195","gname":"product_name195","category":"women\/dress","gprice":"330000"},
{"idx":"196","gname":"product_name196","category":"women\/dress","gprice":"330000"},
{"idx":"197","gname":"product_name197","category":"women\/dress","gprice":"330000"},
{"idx":"198","gname":"product_name198","category":"women\/dress","gprice":"330000"},
{"idx":"199","gname":"product_name199","category":"women\/dress","gprice":"330000"},
{"idx":"200","gname":"product_name200","category":"women\/dress","gprice":"330000"}
]
